{"cameraMode":{"drawMode":0,"name":"Shaded","section":"Shading Mode"},"sceneLighting":true,"audioPlay":false,"sceneViewState":{"showFog":true,"showMaterialUpdate":false,"showSkybox":true,"showFlares":true,"showImageEffects":true,"showParticleSystems":true},"in2DMode":false,"pivot":{"x":1.6443135738372803,"y":-5.174959182739258,"z":7.824422836303711},"rotation":{"x":0.189653217792511,"y":-0.0029508844017982485,"z":0.0005707125528715551,"w":0.9818477034568787},"size":13.998983383178711,"orthographic":false}